Purpose:,"Repository of reusable, quantifiable achievements in the Challenge, Action, Result (CAR) format, primarily for building resumes and cover letters. Every accomplishment gets its own row.",,,,,,,,
,,,,,,,,,
Accomp_ID,Role (rel Job_ID),Org(s),Situation,Task/Challenge,Action,Result,Strategic Framing,Generated_Keywords,Additional Keywords
WAE001,JOB001WAE,WAE (Careerstart),"As the UX Lead at WAE, I was responsible for a core part of the product's platform: the job scheduling system.","The existing scheduling workflows for Job Scheduling in our product were disorganized, inefficient, and unable to scale with user demand, creating a significant bottleneck for the business and a poor experience for users.","Introduced a DesignOps framework using dual-track agile. Led UX strategy, created centralized documentation systems, and redesigned scheduling flows based on user research.","Reduced scheduling time by 50%, increased user satisfaction by 44%, and delivered a scalable, reusable design system.",The feature overhaul Expert,"UX Strategy, DesignOps framework, dual-track agile, centralized documentation systems, user research, workflow optimization, UI/UX design, user satisfaction, scalable design systems, product platform ownership, bottleneck resolution, cross-functional leadership, design system implementation, user experience improvement, process efficiency","UX strategy, DesignOps, agile facilitation, systems thinking, user research synthesis, Figma-based design documentation.Dual track agile, Workflow optimization"
WAE002,JOB001WAE,WAE (Careerstart),"As the first UX hire, I was tasked with establishing a product and design function in a chaotic, engineering-led environment with no roadmap or established processes.",Create a scalable product development lifecycle from scratch to manage UX debt and align rapidly growing teams.,"Conducted a full audit of product, UX, and dev practices. Implemented a dual-track DesignOps framework with embedded user research sprints and reusable documentation to align feature work.","Established a predictable, dual-track DesignOps framework that became the company's standard, enabling consistent feature delivery and scaling the UX function",The Zero-to-One Founder,"UX leadership, product development lifecycle, DesignOps framework, user research sprints, scalable processes, cross-functional alignment, strategic planning, product-led growth, founding experience, process improvement, stakeholder management, innovation, design strategy, operational excellence, feature delivery","Process Auditing, DesignOps, Scalable Systems, UX Debt Remediation, Cross-Functional Alignment"
WAE003,JOB001WAE,WAE (Careerstart),"Inherited a non-functional, outsourced MVP with no design system, documentation, or product leadership, which had eroded stakeholder confidence.",Replace the failed MVP with a scalable product foundation under a tight deadline.,"Designed and implemented a scalable UX and product strategy including Figma libraries, dual-track workflows, and a centralized doc hub.","Successfully launched a new, stable product foundation from scratch, restoring stakeholder confidence and unblocking the company's product roadmap.",The Turnaround Artist,"MVP replacement, product foundation development, UX strategy, product strategy, Figma libraries, dual-track workflows, centralized documentation, stakeholder confidence restoration, product roadmap unblocking, turnaround management, cross-functional leadership, scalable product development, strategic planning, tight deadline management","Figma, Design systems, Agile UX Methodology"
WAE004,JOB001WAE,WAE (Careerstart),"The product, design, and engineering teams were working in isolated, unbalanced silos, causing friction and slowing down delivery.",Re-engineer the team's collaborative model to be more transparent and inclusive.,"Embedded collaborative rituals, live testing with clients, and transparent prototyping workflows.","Eliminated cross-functional bottlenecks by embedding collaborative rituals, which accelerated delivery and improved team morale",The Silo Buster,"Cross-functional collaboration, team re-engineering, transparency, inclusive practices, collaborative rituals, live testing, client engagement, prototyping workflows, bottleneck elimination, accelerated delivery, team morale improvement, organizational efficiency, strategic leadership, process optimization",
WAE005,JOB001WAE,WAE (Careerstart),"The organization was culturally resistant to structured UX approaches, viewing them as a bottleneck rather than a value-add.",Demonstrate the value of mature UX practices and drive their adoption across the company.,"Modeled lightweight, high-clarity documentation systems and introduced iterative testing cycles. Introduced several new interdisciplinary and cross-departmental process and rituals to encourage collaboration and buy-in.","Successfully shifted the organizational mindset by modeling lightweight, high-clarity documentation and iterative testing, leading to the cultural adoption of UX maturity org-wide",The Culture Changer,"UX adoption, UX maturity, organizational change management, iterative testing, cross-functional collaboration, stakeholder buy-in, process improvement, cultural transformation, strategic leadership, change agent, documentation systems, design thinking, user-centered design, empathy-driven approach, communication skills",
WAE006,JOB001WAE,WAE (Careerstart),"Engineering-led delivery cycles consistently excluded UX input until it was too late, causing significant rework and bugs.",Restructure the sprint and delivery process to integrate UX from the very beginning.,"Introduced stakeholder workshops, three-in-a-box model of collaboration, DesignOps systems, and documentation-driven sprint rituals. Established UX role as the connective tissue between departments in initiatives related to our product.","Resolved persistent friction between design and development by implementing a 'three-in-a-box' collaboration model, which reduced late-stage bugs and improved the quality of deliverables",The Process Engineer,"Process Improvement, UX Integration, Sprint Restructuring, Stakeholder Collaboration, Three-in-a-box Model, DesignOps, Documentation-Driven Development, Cross-functional Team Leadership, Conflict Resolution, Delivery Optimization, Workflow Streamlining, Quality Assurance, Product Development Lifecycle, Systems Thinking",
WAE007,JOB001WAE,WAE (Careerstart),"A core job entry workflow was manual, repetitive, and highly error-prone, frustrating users and compromising data quality.","Redesign the workflow to prioritize speed, accuracy, and ease of use.","Introduced spreadsheet-style entry, templates, and form validation logic.",Delivered a redesigned workflow that measurably improved the speed and accuracy of job postings and reduced user frustration,The Workflow Optimizer,"Workflow optimization, process redesign, user experience enhancement, data quality improvement, error reduction, automation, spreadsheet-style entry, form validation, template creation, efficiency gains, user satisfaction, problem-solving, strategic thinking, project management",
WAE008,JOB001WAE,WAE (Careerstart),"The company had no infrastructure or process for conducting usability testing, forcing teams to make design decisions without user validation.",Establish the company’s first-ever usability testing practice.,Embedded testing into sprints and facilitated co-design with city/government partners.,"Cut scheduling time by 50%, gained stakeholder buy-in, improved UX velocity.",The Capability Builder,"Usability testing, UX design, sprint methodology, co-design, stakeholder management, user validation, process improvement, UX velocity optimization, strategic capability building, cross-functional collaboration, design thinking, user-centered design, research methodologies, agile development, implementation strategy",
WAE009,JOB001WAE,WAE (Careerstart),"The design team lacked formal processes and systems, leading to inconsistent UI and redundant work.",Create a centralized design system and formalize team-wide UX ceremonies,"Created centralized design/documentation systems, introduced team-wide UX ceremonies.",Increased delivery velocity and user-centered decision-making.,The Systems Architect,"Design System Development, UX Ceremony Formalization, Process Improvement, System Architecture, UI Consistency, Workflow Optimization, Cross-functional Collaboration, Strategic Planning, Documentation Systems, User-Centered Design, Delivery Velocity, Decision-Making Enhancement",
WAE010,JOB001WAE,WAE (Careerstart),"Critical project documentation was scattered across disconnected platforms, leading to knowledge loss and inefficient onboarding",Build a single source of truth for all project-related knowledge.,"Built real-time linked ""wikis"" tying specs, designs, and test results.","Eliminated knowledge loss and increased new-hire onboarding velocity by building a real-time 'wiki' that linked all project specs, designs, and test results.",The Knowledge Manager,"Knowledge management, documentation systems, information architecture, process improvement, onboarding efficiency, project specifications, design documentation, test results management, real-time collaboration, wiki development, data consolidation, cross-functional communication",
XRX001,JOB005XRX,Xerox,"As a UI/UX Engineer at Xerox, I was tasked with addressing the enterprise MFP interfaces, which were built on an inconsistent, difficult-to-update legacy platform.","Enterprise MFP interfaces were inconsistent and difficult to update. The goal was to modernize the entire interface architecture to improve usability, create design consistency, and dramatically accelerate development cycles.","I designed and built tablet-style UI patterns and introduced mobile-inspired UX systems, complete with rapid prototyping workflows to validate new designs quickly.","This new platform cut product iteration cycles from months to weeks, and the resulting interface received industry recognition for its usability and design consistency.",The Platform Innovator,"UI/UX design, interface modernization, user experience (UX) systems, rapid prototyping, agile development, design consistency, usability enhancement, platform innovation, product iteration optimization, legacy system transformation, mobile-inspired UX, design validation, cross-functional collaboration, technical leadership, user-centered design","Enterprise UX, scalable documentation, interaction patterns, stakeholder facilitation"
XRX002,JOB005XRX,Xerox,"The collaboration between our onshore design team and offshore development partners was crippled by a 6+ week feedback lag, causing significant rework and choking all project momentum.",I needed to diagnose and eliminate this critical bottleneck to unblock our parallel workstreams and increase shipping velocity.,"I conducted a full audit of the design-to-dev pipeline, identified the communication and documentation bottlenecks, and rolled out a new modular handoff system with standardized feedback loops.","The new system cut the design-to-dev feedback cycle by 80%, eliminating costly rework and enabling our teams to ship higher-quality products much faster.",The Pipeline Optimizer,"pipeline optimization, bottleneck identification, communication strategies, process improvement, cross-functional collaboration, documentation standards, feedback loop implementation, project momentum acceleration, quality assurance, efficiency gains, shipping velocity, rework reduction","Pipeline Auditing, Process Optimization, Asynchronous Collaboration, Systems Design, Bottleneck Identification"
XRX003,JOB005XRX,Xerox,"As Xerox scaled product development across globally distributed teams, long iteration cycles and a lack of shared resources created inconsistencies and hindered effective collaboration.","I needed to create a framework that would enable our distributed teams to work from a single source of truth, ensuring a consistent user experience regardless of geography.","I created a library of modular UX documentation and a series of shared prototyping libraries that could be easily accessed and utilized by any team, anywhere.","This initiative enabled consistent, high-quality UX delivery across all distributed teams and became the standard for global product development.",The Global Scaler,"product development, global teams, collaboration, UX documentation, prototyping, consistent user experience, scalable solutions, design systems, standardization, cross-functional leadership, strategic planning, process improvement",
XRX004,JOB005XRX,Xerox,Users of our enterprise equipment were frequently confused and frustrated by outdated legacy interfaces that were unintuitive and difficult to navigate.,"My task was to redesign the core user experience from the ground up, focusing on simplifying navigation and improving task success rates for key workflows.","I conducted extensive user testing to identify the primary pain points, then used that data to redesign the product's information architecture, navigation, and core interaction flows.","The redesigned, user-centered interface not only won several industry awards for design and overall usability but, more importantly, led to a significant, measurable improvement in user task success rates.",The User Champion,"User Experience (UX) Design, Information Architecture, Usability Testing, User-Centered Design, Interaction Design, Product Redesign, Design Awards, Task Success Rates, User Advocacy, Customer Empathy, Interface Simplification, Workflow Optimization",
XRX005,JOB005XRX,Xerox,"Our offshore development teams consistently struggled with misaligned or incomplete design specifications, leading to significant rework, project delays, and delivery friction.","The objective was to create a bulletproof, centralized system of documentation and a process for ensuring global alignment before development began.",I built a centralized documentation hub to act as the single source of truth and designed and facilitated a series of global alignment workshops to ensure all teams shared the same understanding.,"This system dramatically reduced rework and eliminated the friction in the delivery pipeline, improving the efficiency and working relationship of our global teams.",The Clarity Creator,"documentation management, global alignment, process design, workshop facilitation, stakeholder collaboration, communication skills, project efficiency, rework reduction, delivery pipeline optimization, team relationship building, clarity creation, centralized systems, cross-functional team leadership",
VZW001,JOB003VZW,Verizon,"In my role designing B2B tech solutions for Verizon's SMB clients, I found that internal teams were frequently misaligned on tool ownership and processes.","This lack of clarity was creating inefficient workflows and a confusing product experience. My task was to create a unified, user-centric framework to resolve these issues.",I led a series of cross-functional workshops to define ownership and then designed a new system of modular workflows specifically tailored to core SMB use cases,"Boosted usability and, reduced onboarding while decreasi support escalations.","The B2B Solution Designer: This story showcases my ability to diagnose misalignment in a complex B2B environment and design clear, user-centric solutions that improve both internal efficiency and the end-user experience.","B2B tech solutions, SMB client management, workflow optimization, cross-functional collaboration, user-centric design, product experience improvement, system design, process definition, usability enhancement, onboarding efficiency, support escalation reduction, strategic problem-solving, stakeholder alignment, solution implementation",
VZW002,JOB003VZW,Verizon,"Operational teams supporting Verizon's SMB clients were being slowed down by manual, time-consuming workflows, which delayed service response times.","My objective was to automate these key processes to improve operational efficiency and deliver a faster, more reliable service to our business customers.","I designed and implemented a new system that replaced manual processes with IoT-based workflows and proactive, AI-triggered alerts for key operational events.",Improved SMB task completion rates and reduced response delays,"The Automation Architect: This is a narrative about leveraging modern technology (IoT, AI) to solve practical business problems, replacing slow manual work with efficient, automated systems that deliver measurable improvements.","Process Automation, IoT Implementation, AI-triggered Alerts, Operational Efficiency, Service Improvement, Systems Design, Workflow Automation, Problem Solving, Strategic Planning, Technology Integration, Business Process Optimization, Digital Transformation",
VZW003,"JOB003VZW, JOB000","Verizon, Consultant (Self-employed)","I observed that the B2B sales teams had critically low adoption of their Salesforce CRM platform, which led to inaccurate data and missed opportunities.",The challenge was to transform the CRM from a mandated chore into an indispensable tool by creating a compelling reason for sales reps to engage with it consistently.,"I designed and launched a program that gamified key Salesforce usage metrics and delivered hands-on, practical training sessions focused on high-value sales workflows.","This initiative successfully boosted user engagement, which led to a significant increase in data accuracy and measurably improved sales outcomes for the team.","The Adoption Catalyst:
This story highlights my ability to solve the human side of a technology problem, using gamification and training to drive user engagement and transform a neglected tool into a valuable asset.","Salesforce CRM, B2B sales enablement, user adoption strategies, gamification, training program development, data accuracy improvement, sales outcome optimization, technology implementation, change management, business transformation, user engagement, strategic problem-solving",
MSM001,JOB004MSM,"Mirrorshow Management (MSM), PepsiCo","While designing experiential marketing for PepsiCo, we were challenged with cutting through the noise and increasing audience engagement at major trade shows.",My goal was to transform the passive booth experience into an interactive one that would not only attract visitors but also capture qualified leads and enhance brand retention.,"I designed a series of gamified touchscreen and RFID-based interactive experiences, building clear UX flows that guided users through a compelling brand journey","These interactive installations increased qualified lead capture, significantly improved audience dwell time, and enhanced post-event brand retention.","The Engagement Architect:
This is a story about creating memorable, technology-driven customer experiences in a physical space, demonstrating my ability to blend UX, marketing, and hardware to achieve business goals.","Experiential Marketing, Audience Engagement, Interactive Experiences, Gamified Design, Touchscreen Technology, RFID-based Systems, UX Flow Design, Lead Capture, Brand Retention, Dwell Time Optimization, Customer Experience, Technology-Driven Marketing, Blending UX and Marketing, Hardware Integration, Business Goal Achievement",
MSM002,JOB004MSM,"Mirrorshow Management (MSM), PepsiCo",PepsiCo's different product divisions struggled to communicate complex product messaging in a consistent and compelling way at marketing events.,"I was tasked with creating a solution that could be adapted and reused across multiple teams, ensuring brand consistency while simplifying the communication of complex ideas.","I developed a modular, hardware-integrated storytelling system that allowed different teams to customize interactive narratives while adhering to a core design framework","The system was so successful it was adopted and reused across six different teams, leading to improved customer understanding and a measurable lift in customer acquisition at events.","The Scalable Storyteller:
This narrative showcases my ability to think beyond a one-off project and create an efficient, reusable system that provides compounding value across an entire organization.","Modular System Development, Hardware Integration, Interactive Narrative Design, Brand Consistency, Communication Simplification, Cross-Team Collaboration, Customer Understanding, Customer Acquisition, Scalable Solutions, Organizational Value Creation, Strategic Thinking, Reusable Systems",
MSM003,JOB004MSM,"Mirrorshow Management (MSM), PepsiCo",The PepsiCo marketing team set a clear objective for their next major trade show: they needed to dramatically heighten booth engagement to stand out from competitors,My task was to design a central interactive experience that would serve as the main draw for the booth and effectively gamify the product's story.,I designed a large-scale interactive installation that used game mechanics to walk users through the product's key value propositions in a fun and memorable way.,The experience successfully measurably increased attendee engagement at the booth and significantly improved the perception of the brand among key industry stakeholders.,"The Impact Specialist:
This is a direct, punchy story about solving a specific client request with a creative, interactive solution, focusing on the dramatic and immediate impact of my work.","Interactive experience design, gamification, booth engagement, brand perception, client request resolution, creative problem-solving, marketing strategy, strategic impact, industry stakeholder relations, innovative solutions, audience engagement, experiential marketing",
MSM004,JOB004MSM,"Mirrorshow Management (MSM), PepsiCo","During peak hours at trade shows, attendees would often leave the PepsiCo booth before a sales representative could speak with them, resulting in lost opportunities","I needed to design an ""engaging hook"" like a self-service interactive experience that could capture and hold a user's attention until a representative was available.","I designed a series of small, interactive devices throughout the installation with a simplified, guided UI and engaging animations that walked users through key value props.",This strategy successfully increased attendee dwell time and improved the booth's overall conversion effectiveness by keeping potential leads engaged during wait times.,"The UX Choreographer:
This story highlights a deep understanding of user psychology, showing how I can design for user flow and attention management in a non-traditional environment to solve a specific business problem.","User experience (UX) design, interactive experience design, attention management, conversion optimization, strategic problem-solving, UI/UX design, user psychology, user flow design, business problem solving, design for engagement, customer retention, lead nurturing, exhibit design, product strategy, innovative solutions",
APL001,JOB006APL,Apple,"As a UI/UX Designer at Apple, I was responsible for the internal tools that managed logistics and vendor relations.","The existing vendor-facing tools and internal databases were inefficient and cumbersome, slowing down operations and creating friction for our partners.","I redesigned the core UI systems, prototyped new workflow tools, and improved the architecture of the internal databases that powered these systems.","This overhaul streamlined operations for internal teams and directly enabled our vendors to operate more efficiently, helping them win and service large enterprise contracts.","The Enterprise Enabler:
This story showcases my ability to improve the backend, internal systems that power a business and its partners. It’s a classic enterprise UX narrative about driving operational efficiency and creating B2B value.","UI/UX Design, internal tools, logistics management, vendor relations, workflow optimization, database architecture, operational efficiency, B2B value creation, enterprise UX, systems improvement, user experience, prototyping, backend systems, strategic thinking, problem-solving",
BSFA001,JOB002BSFA,Baltimore School for the Arts,High school arts students at the Baltimore School for the Arts had immense creative talent but lacked the modern digital skills needed to create compelling portfolios for college and career opportunities.,"My goal was to design and teach a project-based curriculum that would bridge this gap, guiding students with minimal technical experience from foundational principles to completing fully-realized digital projects.","I built and taught a hands-on curriculum focused on UX and game design, mentoring students through real-world project sprints and creating adaptable templates and critique formats to accommodate diverse learning styles.",The program successfully equipped students to produce professional-grade digital portfolios that directly led to acceptances into prestigious university programs and internships.,"The Opportunity Creator:
This is about creating tangible, life-changing outcomes. It demonstrates my ability to identify a critical skill gap, build a complete curriculum from scratch, and directly enable students to access career-launching opportunities.","Curriculum Design, Instructional Leadership, UX Design, Game Design, Project-Based Learning, Mentorship, Program Development, Digital Portfolio Creation, Skill Gap Analysis, Career Development, Educational Innovation, Outcomes-Based Teaching, Talent Nurturing, Strategic Opportunity Creation, Technical Training",
MCC001,JOB000,Consultant (Self-employed),"As a pro-bono systems consultant, I identified that a vital healthcare certification program was managed with a patchwork of conflicting spreadsheets, causing frequent data errors and staff burnout from manual administrative tasks.","The goal was to create a reliable, automated system that would eliminate these costly errors and slash the administrative burden, all without a complex or expensive tech overhaul.","I audited the core operational workflows and used Google Apps Script to automate and centralize scheduling, grading, and communications into a single source of truth.","The new system slashed instructor admin time, eliminated costly data errors, and provided a reusable, scalable operational backbone for all future program cohorts.","The Operational Optimizer:
This is about identifying a critical operational flaw and delivering a high-impact, low-cost solution. It showcases my ability to use systems thinking to eliminate inefficiency, reduce errors, and create scalable value without needing a large budget.","Google Apps Script, systems consulting, operational optimization, process automation, data integrity, administrative efficiency, scalable solutions, low-cost implementation, workflow analysis, problem-solving, strategic thinking, project management, error reduction, value creation, operational backbone development",
MCC003,JOB008MCC,MCC,"While I was a Teacher's Asssitant and Tutor at MCC, I observed that a significant number of non-technical, elderly, and foreign students were at high risk of failing courses because they lacked the foundational computer literacy to use the college's mandatory online systems.","My objective was to provide these at-risk students with an equitable opportunity to succeed, even though there was no existing curriculum or resource to address this specific need.","I independently designed, built, and taught a targeted computer literacy curriculum from the ground up. I also proactively marketed the workshop to other professors as a vital resource for their struggling students","The program provided dozens of at-risk students with the essential digital skills needed to participate in their coursework, directly addressing a major student equity issue and preventing them from falling behind.","The Equity Champion:
This highlights my initiative, empathy, and ability to address the root cause of a user problem. It's about identifying an unmet need, building a solution from scratch, and creating an equitable path to success for an underserved group. Keywords: Needs Analysis, Curriculum Development, Proactive Problem-Solving, User Advocacy, Entrepreneurial Initiative","Curriculum Development, Needs Analysis, Problem-Solving, User Advocacy, Entrepreneurial Initiative, Digital Literacy Training, Program Design, Proactive Problem-Solving, Stakeholder Engagement, Equity and Inclusion, Educational Program Management, Workshop Facilitation",
UUX001,"JOB000, JOB005XRX","Consultant (Self-employed), Xerox","Upon entering the local UX industry (in my time at Xerox), I discovered that no UX network or mentorship infrastructure existed in Western NY, creating a disconnect between university students and working professionals that limited regional talent development.","My goal was to build a sustainable organization that would provide the region's students and professionals with access to events, portfolio development, mentorship, and advanced, real-world training","I founded Upstate UX and, as its director, created sustained community programs and built employer access. To bridge the academia-industry gap, I organized and instructed an IDEO Human-Centered Design certification course at RIT, intentionally designing the cohort to include both students and industry professionals.","I successfully built the region's core UX infrastructure, and the IDEO program alone delivered valuable professional certification to over 100 participants, effectively bridging the gap between academia and industry and strengthening the regional talent pipeline","The Ecosystem Builder:
This story is about identifying a systemic gap in a regional professional community and taking the entrepreneurial initiative to build the entire ecosystem from the ground up. It showcases leadership, community organizing, and the ability to bridge the gap between academia and industry.","UX industry, mentorship, talent development, sustainable organization, community programs, employer access, IDEO Human-Centered Design, professional certification, academia-industry gap, regional talent pipeline, ecosystem builder, leadership, community organizing, entrepreneurial initiative",
CT001,"JOB007RIT, JOB000","RIT, Consultant (Self-employed)","At RIT, I identified a critical systemic failure: multiple programs required students to conduct user testing as part of their curriculum but provided no infrastructure, resources, or repeatable framework to do so.","My objective was to design and implement a scalable, self-sustaining system that would empower students to continuously prototype, test, and iterate on their projects, thereby closing the gap between academic theory and practical application.","As founder and leader of a program I called Crashtest, I engineered the entire operational system from the ground up, creating facilitation templates, repeatable design sprint processes, and training other faculty and student leaders to scale the program.","The Crashtest system became so successful and integral to student development that it gained national attention and was formally adopted by faculty and integrated into the official RIT curriculum, creating lasting, scalable value for all future cohorts.","The Institutional Innovator:
This is a powerful story about creating a scalable, high-value asset that was so successful the parent institution formally acquired it. It demonstrates a rare ability to see a systemic failure and engineer a complete, lasting solution that outlives your involvement. Keywords: System Design, Community Building, Scalable Process Implementation, Program Management, Leadership & Mentorship, Curriculum Development, User-Centered Advocacy.","System Design, Community Building, Scalable Process Implementation, Program Management, Leadership & Mentorship, Curriculum Development, User-Centered Advocacy, Operational System Engineering, Design Sprint Facilitation, Institutional Innovation, Strategic Problem Solving, Cross-functional Collaboration, Training & Development, Project Iteration",
