Skill_ID,Category,Skill_Name,Accomplishments (rel Accomp_ID),Suggested Accomplishments,,
S001,,ux strategy,"WAE001, WAE003",,,
S002,,designops framework,"WAE001, WAE002",,,
S003,,dual-track agile,WAE001,,,
S004,,centralized documentation systems,WAE001,,,
S005,,user research,"WAE001, WAE002",,,
S006,,workflow optimization,"WAE001, WAE007, WAE009, XRX004, VZW001, APL001",,,
S007,,ui/ux design,"WAE001, XRX001, MSM004, APL001",,,
S008,,user satisfaction,"WAE001, WAE007",,,
S009,,scalable design systems,WAE001,,,
S010,,product platform ownership,WAE001,,,
S011,,bottleneck resolution,WAE001,,,
S012,,cross-functional leadership,"WAE001, WAE003, XRX003",,,
S013,,design system implementation,WAE001,,,
S014,,user experience improvement,WAE001,,,
S015,,process efficiency,WAE001,,,
S016,,designops,"WAE001, WAE002, WAE006",,,
S017,,agile facilitation,WAE001,,,
S018,,systems thinking,"WAE001, WAE006, MCC001",,,
S019,,user research synthesis,WAE001,,,
S020,,figma-based design documentation.dual track agile,WAE001,,,
S021,,ux leadership,WAE002,,,
S022,,product development lifecycle,"WAE002, WAE006",,,
S023,,user research sprints,WAE002,,,
S024,,scalable processes,WAE002,,,
S025,,cross-functional alignment,WAE002,,,
S026,,strategic planning,"WAE002, WAE003, WAE009, XRX003, VZW002",,,
S027,,product-led growth,WAE002,,,
S028,,founding experience,WAE002,,,
S029,,process improvement,"WAE002, WAE005, WAE006, WAE008, WAE009, WAE010, XRX002, XRX003",,,
S030,,stakeholder management,"WAE002, WAE008",,,
S031,,innovation,"WAE002, XRX001, BSFA001, CT001",,,
S032,,design strategy,WAE002,,,
S033,,operational excellence,WAE002,,,
S034,,feature delivery,WAE002,,,
S035,,process auditing,WAE002,,,
S037,,scalable systems,WAE002,,,
S038,,ux debt remediation,WAE002,,,
S039,,mvp replacement,WAE003,,,
S040,,product foundation development,WAE003,,,
S041,,product strategy,"WAE003, MSM004",,,
S042,,figma libraries,WAE003,,,
S043,,dual-track workflows,WAE003,,,
S044,,centralized documentation,"WAE001, WAE003",,,
S045,,stakeholder confidence restoration,WAE003,,,
S046,,product roadmap unblocking,WAE003,,,
S047,,turnaround management,WAE003,,,
S048,,scalable product development,WAE003,,,
S049,,tight deadline management,WAE003,,,
S050,,figma,"WAE001, WAE003",,,
S051,,design systems,"WAE001, WAE003, XRX003",,,
S052,,agile ux methodology,WAE003,,,
S053,,cross-functional collaboration,"WAE004, WAE005, WAE008, WAE009, XRX001, XRX002, VZW001, CT001",,,
S054,,team re-engineering,WAE004,,,
S055,,transparency,WAE004,,,
S056,,inclusive practices,WAE004,,,
S057,,collaborative rituals,WAE004,,,
S058,,live testing,WAE004,,,
S059,,client engagement,WAE004,,,
S060,,prototyping workflows,WAE004,,,
S061,,bottleneck elimination,WAE004,,,
S062,,accelerated delivery,WAE004,,,
S063,,team morale improvement,WAE004,,,
S064,,organizational efficiency,WAE004,,,
S065,,strategic leadership,"WAE004, WAE005",,,
S066,,process optimization,"WAE004, XRX002, VZW002",,,
S067,,ux adoption,WAE005,,,
S068,,ux maturity,WAE005,,,
S069,,organizational change management,WAE005,,,
S070,,iterative testing,WAE005,,,
S071,,stakeholder buy-in,WAE005,,,
S072,,cultural transformation,WAE005,,,
S073,,change agent,WAE005,,,
S074,,documentation systems,"WAE001, WAE005, WAE009, WAE010",,,
S075,,design thinking,"WAE005, WAE008",,,
S076,,user-centered design,"WAE005, WAE008, WAE009, XRX001, XRX004",,,
S077,,empathy-driven approach,WAE005,,,
S078,,communication skills,"WAE005, XRX005",,,
S079,,ux integration,WAE006,,,
S080,,sprint restructuring,WAE006,,,
S081,,stakeholder collaboration,"WAE006, XRX005",,,
S082,,three-in-a-box model,WAE006,,,
S083,,documentation-driven development,WAE006,,,
S084,,cross-functional team leadership,"WAE006, XRX005",,,
S085,,conflict resolution,WAE006,,,
S086,,delivery optimization,WAE006,,,
S087,,workflow streamlining,WAE006,,,
S088,,quality assurance,"WAE006, XRX002",,,
S089,,process redesign,WAE007,,,
S090,,user experience enhancement,WAE007,,,
S091,,data quality improvement,WAE007,,,
S092,,error reduction,"WAE007, MCC001",,,
S093,,automation,"WAE007, VZW002, MCC001",,,
S094,,spreadsheet-style entry,WAE007,,,
S095,,form validation,WAE007,,,
S096,,template creation,WAE007,,,
S097,,efficiency gains,"WAE007, XRX002",,,
S098,,problem-solving,"WAE007, VZW001, VZW003, MSM003, MSM004, APL001, MCC001, MCC003",,,
S099,,strategic thinking,"WAE007, MSM002, APL001, MCC001",,,
S100,,project management,"WAE007, MCC001",,,
S101,,usability testing,"WAE008, XRX004",,,
S102,,ux design,"WAE001, WAE008, XRX001, MSM004, APL001, BSFA001",,,
S103,,sprint methodology,WAE008,,,
S104,,co-design,WAE008,,,
S105,,user validation,WAE008,,,
S106,,ux velocity optimization,WAE008,,,
S107,,strategic capability building,WAE008,,,
S108,,research methodologies,WAE008,,,
S109,,agile development,"WAE008, XRX001",,,
S110,,implementation strategy,WAE008,,,
S111,,design system development,WAE009,,,
S112,,ux ceremony formalization,WAE009,,,
S113,,system architecture,WAE009,,,
S114,,ui consistency,WAE009,,,
S115,,delivery velocity,WAE009,,,
S116,,decision-making enhancement,WAE009,,,
S117,,knowledge management,WAE010,,,
S118,,information architecture,"WAE010, XRX004",,,
S119,,onboarding efficiency,"WAE010, VZW001",,,
S120,,project specifications,WAE010,,,
S121,,design documentation,"WAE001, WAE010",,,
S122,,test results management,WAE010,,,
S123,,real-time collaboration,WAE010,,,
S124,,wiki development,WAE010,,,
S125,,data consolidation,WAE010,,,
S126,,cross-functional communication,WAE010,,,
S127,,interface modernization,XRX001,,,
S128,,user experience (ux) systems,XRX001,,,
S129,,rapid prototyping,XRX001,,,
S130,,design consistency,XRX001,,,
S131,,usability enhancement,"XRX001, VZW001",,,
S132,,platform innovation,XRX001,,,
S133,,product iteration optimization,XRX001,,,
S134,,legacy system transformation,XRX001,,,
S135,,mobile-inspired ux,XRX001,,,
S136,,design validation,XRX001,,,
S137,,technical leadership,XRX001,,,
S138,,enterprise ux,"XRX001, APL001",,,
S139,,scalable documentation,XRX001,,,
S140,,interaction patterns,XRX001,,,
S141,,stakeholder facilitation,XRX001,,,
S142,,pipeline optimization,"XRX002, XRX005",,,
S143,,bottleneck identification,XRX002,,,
S144,,communication strategies,XRX002,,,
S145,,documentation standards,XRX002,,,
S146,,feedback loop implementation,XRX002,,,
S147,,project momentum acceleration,XRX002,,,
S148,,shipping velocity,XRX002,,,
S149,,rework reduction,"XRX002, XRX005",,,
S150,,pipeline auditing,XRX002,,,
S151,,asynchronous collaboration,XRX002,,,
S152,,systems design,"XRX002, VZW002",,,
S153,,product development,"WAE002, WAE003, WAE006, XRX003",,,
S154,,global teams,XRX003,,,
S155,,collaboration,"WAE004, WAE005, WAE006, WAE008, WAE009, WAE010, XRX001, XRX002, XRX003, XRX005, VZW001, MSM002, CT001",,,
S156,,ux documentation,XRX003,,,
S157,,prototyping,"WAE004, XRX001, XRX003, APL001",,,
S158,,consistent user experience,XRX003,,,
S159,,scalable solutions,"XRX003, MSM002, MCC001",,,
S160,,standardization,XRX003,,,
S161,,user experience (ux) design,"XRX004, MSM004",,,
S162,,interaction design,XRX004,,,
S163,,product redesign,XRX004,,,
S164,,design awards,XRX004,,,
S165,,task success rates,XRX004,,,
S166,,user advocacy,"XRX004, MCC003",,,
S167,,customer empathy,XRX004,,,
S168,,interface simplification,XRX004,,,
S169,,documentation management,XRX005,,,
S170,,global alignment,XRX005,,,
S171,,process design,XRX005,,,
S172,,workshop facilitation,"XRX005, MCC003",,,
S173,,project efficiency,XRX005,,,
S174,,delivery pipeline optimization,XRX005,,,
S175,,team relationship building,XRX005,,,
S176,,clarity creation,XRX005,,,
S177,,centralized systems,XRX005,,,
S178,,b2b tech solutions,VZW001,,,
S179,,smb client management,VZW001,,,
S180,,user-centric design,VZW001,,,
S181,,product experience improvement,VZW001,,,
S182,,system design,"VZW001, CT001",,,
S183,,process definition,VZW001,,,
S184,,support escalation reduction,VZW001,,,
S185,,strategic problem-solving,"VZW001, VZW003, MSM004",,,
S186,,stakeholder alignment,VZW001,,,
S187,,solution implementation,VZW001,,,
S188,,process automation,"VZW002, MCC001",,,
S189,,iot implementation,VZW002,,,
S190,,ai-triggered alerts,VZW002,,,
S191,,operational efficiency,"VZW002, APL001",,,
S192,,service improvement,VZW002,,,
S193,,workflow automation,VZW002,,,
S194,,problem solving,"VZW002, MSM004, CT001",,,
S195,,technology integration,VZW002,,,
S196,,business process optimization,VZW002,,,
S197,,digital transformation,VZW002,,,
S198,,salesforce crm,VZW003,,,
S199,,b2b sales enablement,VZW003,,,
S200,,user adoption strategies,VZW003,,,
S201,,gamification,"VZW003, MSM003",,,
S202,,training program development,VZW003,,,
S203,,data accuracy improvement,VZW003,,,
S204,,sales outcome optimization,VZW003,,,
S205,,technology implementation,VZW003,,,
S206,,change management,"WAE005, VZW003",,,
S207,,business transformation,VZW003,,,
S208,,user engagement,VZW003,,,
S209,,experiential marketing,"MSM001, MSM003",,,
S210,,audience engagement,"MSM001, MSM003",,,
S211,,interactive experiences,MSM001,,,
S212,,gamified design,MSM001,,,
S213,,touchscreen technology,MSM001,,,
S214,,rfid-based systems,MSM001,,,
S215,,ux flow design,MSM001,,,
S216,,lead capture,MSM001,,,
S217,,brand retention,MSM001,,,
S218,,dwell time optimization,MSM001,,,
S219,,customer experience,MSM001,,,
S220,,technology-driven marketing,MSM001,,,
S221,,blending ux and marketing,MSM001,,,
S222,,hardware integration,"MSM001, MSM002",,,
S223,,business goal achievement,MSM001,,,
S224,,modular system development,MSM002,,,
S225,,interactive narrative design,MSM002,,,
S226,,brand consistency,MSM002,,,
S227,,communication simplification,MSM002,,,
S228,,cross-team collaboration,MSM002,,,
S229,,customer understanding,MSM002,,,
S230,,customer acquisition,MSM002,,,
S231,,organizational value creation,MSM002,,,
S232,,reusable systems,MSM002,,,
S233,,interactive experience design,"MSM003, MSM004",,,
S234,,booth engagement,MSM003,,,
S235,,brand perception,MSM003,,,
S236,,client request resolution,MSM003,,,
S237,,creative problem-solving,MSM003,,,
,,marketing strategy,MSM003,,,
,,strategic impact,MSM003,,,
,,industry stakeholder relations,MSM003,,,
,,innovative solutions,"MSM003, MSM004",,,
,,attention management,MSM004,,,
,,conversion optimization,MSM004,,,
,,user psychology,MSM004,,,
,,user flow design,MSM004,,,
,,business problem solving,MSM004,,,
,,design for engagement,MSM004,,,
,,customer retention,MSM004,,,
,,lead nurturing,MSM004,,,
,,exhibit design,MSM004,,,
,,internal tools,APL001,,,
,,logistics management,APL001,,,
,,vendor relations,APL001,,,
,,database architecture,APL001,,,
,,b2b value creation,APL001,,,
,,systems improvement,APL001,,,
,,user experience,"WAE001, WAE007, XRX001, XRX003, XRX004, VZW001, MSM004, APL001",,,
,,backend systems,APL001,,,
,,curriculum design,BSFA001,,,
,,instructional leadership,BSFA001,,,
,,game design,BSFA001,,,
,,project-based learning,BSFA001,,,
,,mentorship,"BSFA001, UUX001, CT001",,,
,,program development,"VZW003, BSFA001",,,
,,digital portfolio creation,BSFA001,,,
,,skill gap analysis,BSFA001,,,
,,career development,BSFA001,,,
,,educational innovation,BSFA001,,,
,,outcomes-based teaching,BSFA001,,,
,,talent nurturing,BSFA001,,,
,,strategic opportunity creation,BSFA001,,,
,,technical training,BSFA001,,,
,,google apps script,MCC001,,,
,,systems consulting,MCC001,,,
,,operational optimization,MCC001,,,
,,data integrity,MCC001,,,
,,administrative efficiency,MCC001,,,
,,low-cost implementation,MCC001,,,
,,workflow analysis,MCC001,,,
,,value creation,"MSM002, APL001, MCC001",,,
,,operational backbone development,MCC001,,,
,,curriculum development,"MCC003, CT001",,,
,,needs analysis,MCC003,,,
,,entrepreneurial initiative,"MCC003, UUX001",,,
,,digital literacy training,MCC003,,,
,,program design,MCC003,,,
,,proactive problem-solving,MCC003,,,
,,stakeholder engagement,MCC003,,,
,,equity and inclusion,MCC003,,,
,,educational program management,MCC003,,,
,,ux industry,UUX001,,,
,,talent development,UUX001,,,
,,sustainable organization,UUX001,,,
,,community programs,UUX001,,,
,,employer access,UUX001,,,
,,ideo human-centered design,UUX001,,,
,,professional certification,UUX001,,,
,,academia-industry gap,UUX001,,,
,,regional talent pipeline,UUX001,,,
,,ecosystem builder,UUX001,,,
,,leadership,"WAE001, WAE002, WAE003, WAE004, WAE005, WAE006, XRX001, XRX003, XRX005, BSFA001, UUX001, CT001",,,
,,community organizing,UUX001,,,
,,community building,CT001,,,
,,scalable process implementation,CT001,,,
,,program management,"MCC003, CT001",,,
,,leadership & mentorship,CT001,,,
,,user-centered advocacy,CT001,,,
,,operational system engineering,CT001,,,
,,design sprint facilitation,CT001,,,
,,institutional innovation,CT001,,,
,,strategic problem solving,CT001,,,
,,training & development,CT001,,,
,,project iteration,CT001,,,
